{"cameraMode":{"drawMode":0,"name":"Shaded","section":"Shading Mode"},"sceneLighting":false,"audioPlay":false,"sceneViewState":{"m_AlwaysRefresh":false,"showFog":true,"showSkybox":false,"showFlares":true,"showImageEffects":true,"showParticleSystems":true,"showVisualEffectGraphs":true,"m_FxEnabled":true},"in2DMode":false,"pivot":{"x":-26.558937072753908,"y":4.177666664123535,"z":17.567363739013673},"rotation":{"x":0.008540383540093899,"y":-0.16663649678230287,"z":-0.0016436985461041332,"w":-0.9862250685691834},"size":7.091846942901611,"orthographic":false}