{"cameraMode":{"drawMode":0,"name":"Shaded","section":"Shading Mode"},"sceneLighting":false,"audioPlay":false,"sceneViewState":{"m_AlwaysRefresh":false,"showFog":true,"showSkybox":true,"showFlares":true,"showImageEffects":true,"showParticleSystems":true,"showVisualEffectGraphs":true,"m_FxEnabled":true},"in2DMode":false,"pivot":{"x":416.7951965332031,"y":323.8615417480469,"z":-653.0272216796875},"rotation":{"x":-0.0018124127527698875,"y":-0.03988226130604744,"z":-0.00007242740684887394,"w":-0.9994295835494995},"size":0.8660253882408142,"orthographic":false}