{"cameraMode":{"drawMode":0,"name":"Shaded","section":"Shading Mode"},"sceneLighting":false,"audioPlay":false,"sceneViewState":{"m_AlwaysRefresh":false,"showFog":true,"showSkybox":true,"showFlares":true,"showImageEffects":true,"showParticleSystems":true,"showVisualEffectGraphs":true,"m_FxEnabled":true},"in2DMode":false,"pivot":{"x":4.156932830810547,"y":0.06658363342285156,"z":79.49687194824219},"rotation":{"x":0.011591474525630474,"y":0.14265194535255433,"z":0.0015547159127891064,"w":-0.9899311661720276},"size":16.073795318603517,"orthographic":false}