{"cameraMode":{"drawMode":0,"name":"Shaded","section":"Shading Mode"},"sceneLighting":false,"audioPlay":false,"sceneViewState":{"m_AlwaysRefresh":false,"showFog":true,"showSkybox":true,"showFlares":true,"showImageEffects":true,"showParticleSystems":true,"showVisualEffectGraphs":true,"m_FxEnabled":true},"in2DMode":false,"pivot":{"x":-440.5975036621094,"y":-4.679424285888672,"z":-51.651275634765628},"rotation":{"x":0.007391992956399918,"y":-0.7996729612350464,"z":0.009843743406236172,"w":0.6005065441131592},"size":272.7770080566406,"orthographic":false}