{"cameraMode":{"drawMode":0,"name":"Shaded","section":"Shading Mode"},"sceneLighting":false,"audioPlay":false,"sceneViewState":{"m_AlwaysRefresh":false,"showFog":true,"showSkybox":false,"showFlares":true,"showImageEffects":true,"showParticleSystems":true,"showVisualEffectGraphs":true,"m_FxEnabled":true},"in2DMode":false,"pivot":{"x":-0.3082174062728882,"y":34.582618713378909,"z":-55.233890533447269},"rotation":{"x":-0.06918561458587647,"y":-0.7914871573448181,"z":0.09070034325122833,"w":-0.6006711721420288},"size":1.3016819953918458,"orthographic":false}