{"cameraMode":{"drawMode":0,"name":"Shaded","section":"Shading Mode"},"sceneLighting":false,"audioPlay":false,"sceneViewState":{"m_AlwaysRefresh":false,"showFog":false,"showSkybox":false,"showFlares":false,"showImageEffects":false,"showParticleSystems":false,"showVisualEffectGraphs":true,"m_FxEnabled":true},"in2DMode":false,"pivot":{"x":-0.7678809762001038,"y":-2.2694456577301027,"z":-12.571813583374024},"rotation":{"x":-0.0021661410573869945,"y":-0.9911916851997376,"z":0.13466712832450868,"w":-0.006771507207304239},"size":7.244753360748291,"orthographic":false}