{"cameraMode":{"drawMode":0,"name":"Shaded","section":"Shading Mode"},"sceneLighting":false,"audioPlay":false,"sceneViewState":{"m_AlwaysRefresh":false,"showFog":true,"showSkybox":false,"showFlares":true,"showImageEffects":true,"showParticleSystems":true,"showVisualEffectGraphs":true,"m_FxEnabled":true},"in2DMode":false,"pivot":{"x":-2.741013288497925,"y":1.3351490497589112,"z":1.294256567955017},"rotation":{"x":0.09307514876127243,"y":0.9021655917167664,"z":-0.23620180785655976,"w":0.34948790073394778},"size":0.1875748187303543,"orthographic":false}